Stock_ID,Symbol,Date,Closing Price,Type
0,TAN,2024-09-20,40.6600,Solar
1,TAN,2024-08-30,41.2800,Solar
2,TAN,2024-07-31,42.1300,Solar
3,TAN,2024-06-28,40.2100,Solar
4,TAN,2024-05-31,48.2800,Solar
5,TAN,2024-04-30,40.3300,Solar
6,TAN,2024-03-28,45.3700,Solar
7,TAN,2024-02-29,43.1500,Solar
8,TAN,2024-01-31,42.3700,Solar
9,TAN,2023-12-29,53.3500,Solar
10,TAN,2023-11-30,45.8400,Solar
11,TAN,2023-10-31,41.9800,Solar
12,TAN,2023-09-29,51.7900,Solar
13,TAN,2023-08-31,58.2300,Solar
14,TAN,2023-07-31,68.5400,Solar
15,TAN,2023-06-30,71.4200,Solar
16,TAN,2023-05-31,69.9800,Solar
17,TAN,2023-04-28,71.9900,Solar
18,TAN,2023-03-31,77.6300,Solar
19,TAN,2023-02-28,74.2900,Solar
20,TAN,2023-01-31,80.8000,Solar
21,TAN,2022-12-30,72.9400,Solar
22,TAN,2022-11-30,83.9800,Solar
23,TAN,2022-10-31,71.2800,Solar
24,TAN,2022-09-30,73.6100,Solar
25,TAN,2022-08-31,84.3300,Solar
26,TAN,2022-07-29,85.5700,Solar
27,TAN,2022-06-30,71.3900,Solar
28,TAN,2022-05-31,71.1000,Solar
29,TAN,2022-04-29,64.2300,Solar
30,TAN,2022-03-31,75.4600,Solar
31,TAN,2022-02-28,71.4700,Solar
32,TAN,2022-01-31,65.4800,Solar
33,TAN,2021-12-31,76.9700,Solar
34,TAN,2021-11-30,89.4900,Solar
35,TAN,2021-10-29,99.1000,Solar
36,TAN,2021-09-30,79.9500,Solar
37,TAN,2021-08-31,85.6300,Solar
38,TAN,2021-07-30,85.6700,Solar
39,TAN,2021-06-30,89.3300,Solar
40,TAN,2021-05-28,79.1100,Solar
41,TAN,2021-04-30,83.1500,Solar
42,TAN,2021-03-31,91.7700,Solar
43,TAN,2021-02-26,101.3200,Solar
44,TAN,2021-01-29,108.6900,Solar
45,TAN,2020-12-31,102.7600,Solar
46,TAN,2020-11-30,84.5800,Solar
47,TAN,2020-10-30,68.7700,Solar
48,TAN,2020-09-30,64.7900,Solar
49,TAN,2020-08-31,56.7900,Solar
50,TAN,2020-07-31,45.0100,Solar
51,TAN,2020-06-30,36.1000,Solar
52,TAN,2020-05-29,33.7600,Solar
53,TAN,2020-04-30,30.1200,Solar
54,TAN,2020-03-31,25.2300,Solar
55,TAN,2020-02-28,36.4700,Solar
56,TAN,2020-01-31,32.1500,Solar
57,TAN,2019-12-31,30.8000,Solar
58,TAN,2019-11-29,27.9900,Solar
59,TAN,2019-10-31,28.0900,Solar
60,TAN,2019-09-30,29.3700,Solar
61,TAN,2019-08-30,30.5500,Solar
62,TAN,2019-07-31,29.5100,Solar
63,TAN,2019-06-28,28.2700,Solar
64,TAN,2019-05-31,25.6700,Solar
65,TAN,2019-04-30,25.0900,Solar
66,TAN,2019-03-29,23.1600,Solar
67,TAN,2019-02-28,24.9200,Solar
68,TAN,2019-01-31,23.2900,Solar
69,TAN,2018-12-31,18.5500,Solar
70,TAN,2018-11-30,21.0500,Solar
71,TAN,2018-10-31,18.4900,Solar
72,TAN,2018-09-28,20.7400,Solar
73,TAN,2018-08-31,21.8300,Solar
74,TAN,2018-07-31,22.7400,Solar
75,TAN,2018-06-29,23.1000,Solar
76,TAN,2018-05-31,25.4800,Solar
77,TAN,2018-04-30,24.6200,Solar
78,TAN,2018-03-29,24.5600,Solar
79,TAN,2018-02-28,24.2700,Solar
80,TAN,2018-01-31,25.0600,Solar
81,TAN,2017-12-29,25.1300,Solar
82,TAN,2017-11-30,24.5700,Solar
83,TAN,2017-10-31,23.9800,Solar
84,TAN,2017-09-29,21.6500,Solar
85,TAN,2017-08-31,21.7000,Solar
86,TAN,2017-07-31,21.6400,Solar
87,TAN,2017-06-30,19.8900,Solar
88,TAN,2017-05-31,18.5100,Solar
89,TAN,2017-04-28,17.5000,Solar
90,TAN,2017-03-31,17.2800,Solar
91,TAN,2017-02-28,18.7600,Solar
92,TAN,2017-01-31,17.2900,Solar
93,TAN,2016-12-30,16.5700,Solar
94,TAN,2016-11-30,17.5300,Solar
95,TAN,2016-10-31,19.1000,Solar
96,TAN,2016-09-30,20.3100,Solar
97,TAN,2016-08-31,20.9100,Solar
98,TAN,2016-07-29,21.4200,Solar
99,TAN,2016-06-30,20.9600,Solar
100,TAN,2016-05-31,22.0100,Solar
101,TAN,2016-04-29,23.8200,Solar
102,TAN,2016-03-31,22.6600,Solar
103,TAN,2016-02-29,23.4500,Solar
104,TAN,2016-01-29,25.2100,Solar
105,TAN,2015-12-31,30.6400,Solar
106,TAN,2015-11-30,26.5400,Solar
107,TAN,2015-10-30,29.8000,Solar
108,TAN,2015-09-30,26.5400,Solar
109,TAN,2015-08-31,29.5700,Solar
110,TAN,2015-07-31,35.3200,Solar
111,TAN,2015-06-30,39.2200,Solar
112,TAN,2015-05-29,42.4900,Solar
113,TAN,2015-04-30,47.0000,Solar
114,TAN,2015-03-31,44.4300,Solar
115,TAN,2015-02-27,39.5000,Solar
116,TAN,2015-01-30,33.8300,Solar
117,TAN,2014-12-31,34.1000,Solar
118,TAN,2014-11-28,35.7300,Solar
119,TAN,2014-10-31,38.3500,Solar
120,TAN,2014-09-30,40.6500,Solar
121,TAN,2014-08-29,43.3900,Solar
122,TAN,2014-07-31,39.4200,Solar
123,TAN,2014-06-30,44.5700,Solar
124,TAN,2014-05-30,40.7900,Solar
125,TAN,2014-04-30,40.8800,Solar
126,TAN,2014-03-31,44.2100,Solar
127,TAN,2014-02-28,46.7000,Solar
128,TAN,2014-01-31,39.3300,Solar
129,ENPH,2024-09-20,114.9000,Solar
130,ENPH,2024-08-30,121.0400,Solar
131,ENPH,2024-07-31,115.1100,Solar
132,ENPH,2024-06-28,99.7100,Solar
133,ENPH,2024-05-31,127.9000,Solar
134,ENPH,2024-04-30,108.7600,Solar
135,ENPH,2024-03-28,120.9800,Solar
136,ENPH,2024-02-29,127.0100,Solar
137,ENPH,2024-01-31,104.1300,Solar
138,ENPH,2023-12-29,132.1400,Solar
139,ENPH,2023-11-30,101.0200,Solar
140,ENPH,2023-10-31,79.5800,Solar
141,ENPH,2023-09-29,120.1500,Solar
142,ENPH,2023-08-31,126.5300,Solar
143,ENPH,2023-07-31,151.8300,Solar
144,ENPH,2023-06-30,167.4800,Solar
145,ENPH,2023-05-31,173.8800,Solar
146,ENPH,2023-04-28,164.2000,Solar
147,ENPH,2023-03-31,210.2800,Solar
148,ENPH,2023-02-28,210.5300,Solar
149,ENPH,2023-01-31,221.3800,Solar
150,ENPH,2022-12-30,264.9600,Solar
151,ENPH,2022-11-30,320.5900,Solar
152,ENPH,2022-10-31,307.0000,Solar
153,ENPH,2022-09-30,277.4700,Solar
154,ENPH,2022-08-31,286.4400,Solar
155,ENPH,2022-07-29,284.1800,Solar
156,ENPH,2022-06-30,195.2400,Solar
157,ENPH,2022-05-31,186.1900,Solar
158,ENPH,2022-04-29,161.4000,Solar
159,ENPH,2022-03-31,201.7800,Solar
160,ENPH,2022-02-28,166.7000,Solar
161,ENPH,2022-01-31,140.4700,Solar
162,ENPH,2021-12-31,182.9400,Solar
163,ENPH,2021-11-30,250.0000,Solar
164,ENPH,2021-10-29,231.6300,Solar
165,ENPH,2021-09-30,149.9700,Solar
166,ENPH,2021-08-31,173.7300,Solar
167,ENPH,2021-07-30,189.6000,Solar
168,ENPH,2021-06-30,183.6300,Solar
169,ENPH,2021-05-28,143.0500,Solar
170,ENPH,2021-04-30,139.2500,Solar
171,ENPH,2021-03-31,162.1600,Solar
172,ENPH,2021-02-26,176.0600,Solar
173,ENPH,2021-01-29,182.3500,Solar
174,ENPH,2020-12-31,175.4700,Solar
175,ENPH,2020-11-30,136.5700,Solar
176,ENPH,2020-10-30,98.0900,Solar
177,ENPH,2020-09-30,82.5900,Solar
178,ENPH,2020-08-31,77.2300,Solar
179,ENPH,2020-07-31,60.3600,Solar
180,ENPH,2020-06-30,47.5700,Solar
181,ENPH,2020-05-29,58.1900,Solar
182,ENPH,2020-04-30,46.8300,Solar
183,ENPH,2020-03-31,32.2900,Solar
184,ENPH,2020-02-28,48.9700,Solar
185,ENPH,2020-01-31,31.5200,Solar
186,ENPH,2019-12-31,26.1300,Solar
187,ENPH,2019-11-29,21.8700,Solar
188,ENPH,2019-10-31,19.4300,Solar
189,ENPH,2019-09-30,22.2300,Solar
190,ENPH,2019-08-30,29.6700,Solar
191,ENPH,2019-07-31,28.1500,Solar
192,ENPH,2019-06-28,18.2300,Solar
193,ENPH,2019-05-31,15.1700,Solar
194,ENPH,2019-04-30,10.0400,Solar
195,ENPH,2019-03-29,9.2300,Solar
196,ENPH,2019-02-28,9.0700,Solar
197,ENPH,2019-01-31,7.2300,Solar
198,ENPH,2018-12-31,4.7300,Solar
199,ENPH,2018-11-30,5.4000,Solar
200,ENPH,2018-10-31,4.5400,Solar
201,ENPH,2018-09-28,4.8500,Solar
202,ENPH,2018-08-31,4.8900,Solar
203,ENPH,2018-07-31,5.9500,Solar
204,ENPH,2018-06-29,6.7300,Solar
205,ENPH,2018-05-31,5.7300,Solar
206,ENPH,2018-04-30,4.1500,Solar
207,ENPH,2018-03-29,4.5700,Solar
208,ENPH,2018-02-28,3.3200,Solar
209,ENPH,2018-01-31,2.2000,Solar
210,ENPH,2017-12-29,2.4100,Solar
211,ENPH,2017-11-30,2.9000,Solar
212,ENPH,2017-10-31,1.5300,Solar
213,ENPH,2017-09-29,1.5200,Solar
214,ENPH,2017-08-31,0.9200,Solar
215,ENPH,2017-07-31,0.9400,Solar
216,ENPH,2017-06-30,0.8700,Solar
217,ENPH,2017-05-31,0.7600,Solar
218,ENPH,2017-04-28,1.1900,Solar
219,ENPH,2017-03-31,1.3700,Solar
220,ENPH,2017-02-28,1.7900,Solar
221,ENPH,2017-01-31,1.4900,Solar
222,ENPH,2016-12-30,1.0100,Solar
223,ENPH,2016-11-30,1.1200,Solar
224,ENPH,2016-10-31,1.0000,Solar
225,ENPH,2016-09-30,1.1800,Solar
226,ENPH,2016-08-31,1.8200,Solar
227,ENPH,2016-07-29,1.8000,Solar
228,ENPH,2016-06-30,1.9900,Solar
229,ENPH,2016-05-31,2.0900,Solar
230,ENPH,2016-04-29,2.5100,Solar
231,ENPH,2016-03-31,2.3300,Solar
232,ENPH,2016-02-29,2.3300,Solar
233,ENPH,2016-01-29,2.4300,Solar
234,ENPH,2015-12-31,3.5100,Solar
235,ENPH,2015-11-30,1.6700,Solar
236,ENPH,2015-10-30,3.6000,Solar
237,ENPH,2015-09-30,3.7000,Solar
238,ENPH,2015-08-31,4.6000,Solar
239,ENPH,2015-07-31,5.9100,Solar
240,ENPH,2015-06-30,7.6100,Solar
241,ENPH,2015-05-29,9.4700,Solar
242,ENPH,2015-04-30,12.5700,Solar
243,ENPH,2015-03-31,13.1900,Solar
244,ENPH,2015-02-27,13.7800,Solar
245,ENPH,2015-01-30,12.3900,Solar
246,ENPH,2014-12-31,14.2900,Solar
247,ENPH,2014-11-28,10.5100,Solar
248,ENPH,2014-10-31,15.0200,Solar
249,ENPH,2014-09-30,14.9900,Solar
250,ENPH,2014-08-29,14.0800,Solar
251,ENPH,2014-07-31,10.3000,Solar
252,ENPH,2014-06-30,8.5500,Solar
253,ENPH,2014-05-30,8.4500,Solar
254,ENPH,2014-04-30,7.5500,Solar
255,ENPH,2014-03-31,7.3600,Solar
256,ENPH,2014-02-28,8.0700,Solar
257,ENPH,2014-01-31,7.4000,Solar
258,SEDG,2024-09-20,20.3700,Solar
259,SEDG,2024-08-30,24.3300,Solar
260,SEDG,2024-07-31,28.8600,Solar
261,SEDG,2024-06-28,25.2600,Solar
262,SEDG,2024-05-31,48.9900,Solar
263,SEDG,2024-04-30,58.6500,Solar
264,SEDG,2024-03-28,70.9800,Solar
265,SEDG,2024-02-29,67.1700,Solar
266,SEDG,2024-01-31,66.5000,Solar
267,SEDG,2023-12-29,93.6000,Solar
268,SEDG,2023-11-30,79.3800,Solar
269,SEDG,2023-10-31,75.9500,Solar
270,SEDG,2023-09-29,129.5100,Solar
271,SEDG,2023-08-31,162.5700,Solar
272,SEDG,2023-07-31,241.4600,Solar
273,SEDG,2023-06-30,269.0500,Solar
274,SEDG,2023-05-31,284.8300,Solar
275,SEDG,2023-04-28,285.6300,Solar
276,SEDG,2023-03-31,303.9500,Solar
277,SEDG,2023-02-28,317.9200,Solar
278,SEDG,2023-01-31,319.1300,Solar
279,SEDG,2022-12-30,283.2700,Solar
280,SEDG,2022-11-30,298.8600,Solar
281,SEDG,2022-10-31,230.0300,Solar
282,SEDG,2022-09-30,231.4600,Solar
283,SEDG,2022-08-31,275.9700,Solar
284,SEDG,2022-07-29,360.1300,Solar
285,SEDG,2022-06-30,273.6800,Solar
286,SEDG,2022-05-31,272.7900,Solar
287,SEDG,2022-04-29,250.4100,Solar
288,SEDG,2022-03-31,322.3700,Solar
289,SEDG,2022-02-28,319.4200,Solar
290,SEDG,2022-01-31,238.2200,Solar
291,SEDG,2021-12-31,280.5700,Solar
292,SEDG,2021-11-30,327.7600,Solar
293,SEDG,2021-10-29,354.6800,Solar
294,SEDG,2021-09-30,265.2200,Solar
295,SEDG,2021-08-31,289.7800,Solar
296,SEDG,2021-07-30,259.4800,Solar
297,SEDG,2021-06-30,276.3700,Solar
298,SEDG,2021-05-28,258.0100,Solar
299,SEDG,2021-04-30,263.5400,Solar
300,SEDG,2021-03-31,287.4400,Solar
301,SEDG,2021-02-26,298.3100,Solar
302,SEDG,2021-01-29,288.3300,Solar
303,SEDG,2020-12-31,319.1200,Solar
304,SEDG,2020-11-30,277.9800,Solar
305,SEDG,2020-10-30,257.6900,Solar
306,SEDG,2020-09-30,238.3500,Solar
307,SEDG,2020-08-31,221.1500,Solar
308,SEDG,2020-07-31,175.1000,Solar
309,SEDG,2020-06-30,138.7800,Solar
310,SEDG,2020-05-29,141.9000,Solar
311,SEDG,2020-04-30,111.5900,Solar
312,SEDG,2020-03-31,81.8800,Solar
313,SEDG,2020-02-28,124.7200,Solar
314,SEDG,2020-01-31,97.8600,Solar
315,SEDG,2019-12-31,95.0900,Solar
316,SEDG,2019-11-29,81.6100,Solar
317,SEDG,2019-10-31,84.9600,Solar
318,SEDG,2019-09-30,83.7200,Solar
319,SEDG,2019-08-30,81.9200,Solar
320,SEDG,2019-07-31,65.2300,Solar
321,SEDG,2019-06-28,62.4600,Solar
322,SEDG,2019-05-31,53.5800,Solar
323,SEDG,2019-04-30,44.3000,Solar
324,SEDG,2019-03-29,37.6800,Solar
325,SEDG,2019-02-28,42.2600,Solar
326,SEDG,2019-01-31,43.7900,Solar
327,SEDG,2018-12-31,35.1000,Solar
328,SEDG,2018-11-30,38.9300,Solar
329,SEDG,2018-10-31,38.7300,Solar
330,SEDG,2018-09-28,37.6500,Solar
331,SEDG,2018-08-31,47.9500,Solar
332,SEDG,2018-07-31,53.2500,Solar
333,SEDG,2018-06-29,47.8500,Solar
334,SEDG,2018-05-31,55.8500,Solar
335,SEDG,2018-04-30,52.6500,Solar
336,SEDG,2018-03-29,52.6000,Solar
337,SEDG,2018-02-28,50.0500,Solar
338,SEDG,2018-01-31,35.9000,Solar
339,SEDG,2017-12-29,37.5500,Solar
340,SEDG,2017-11-30,36.4000,Solar
341,SEDG,2017-10-31,32.8500,Solar
342,SEDG,2017-09-29,28.5500,Solar
343,SEDG,2017-08-31,26.7500,Solar
344,SEDG,2017-07-31,22.9500,Solar
345,SEDG,2017-06-30,20.0000,Solar
346,SEDG,2017-05-31,18.6000,Solar
347,SEDG,2017-04-28,16.1500,Solar
348,SEDG,2017-03-31,15.6000,Solar
349,SEDG,2017-02-28,14.6500,Solar
350,SEDG,2017-01-31,12.9500,Solar
351,SEDG,2016-12-30,12.4000,Solar
352,SEDG,2016-11-30,13.2000,Solar
353,SEDG,2016-10-31,13.7000,Solar
354,SEDG,2016-09-30,17.2300,Solar
355,SEDG,2016-08-31,17.0200,Solar
356,SEDG,2016-07-29,17.9000,Solar
357,SEDG,2016-06-30,19.6000,Solar
358,SEDG,2016-05-31,21.8500,Solar
359,SEDG,2016-04-29,26.7900,Solar
360,SEDG,2016-03-31,25.1400,Solar
361,SEDG,2016-02-29,24.4700,Solar
362,SEDG,2016-01-29,28.2700,Solar
363,SEDG,2015-12-31,28.1700,Solar
364,SEDG,2015-11-30,19.6300,Solar
365,SEDG,2015-10-30,18.4900,Solar
366,SEDG,2015-09-30,22.9200,Solar
367,SEDG,2015-08-31,25.1200,Solar
368,SEDG,2015-07-31,30.8700,Solar
369,SEDG,2015-06-30,36.3500,Solar
370,SEDG,2015-05-29,37.4400,Solar
371,SEDG,2015-04-30,25.0000,Solar
372,FSLR,2024-09-20,240.2000,Solar
373,FSLR,2024-08-30,227.3700,Solar
374,FSLR,2024-07-31,215.9900,Solar
375,FSLR,2024-06-28,225.4600,Solar
376,FSLR,2024-05-31,271.7600,Solar
377,FSLR,2024-04-30,176.3000,Solar
378,FSLR,2024-03-28,168.8000,Solar
379,FSLR,2024-02-29,153.8900,Solar
380,FSLR,2024-01-31,146.3000,Solar
381,FSLR,2023-12-29,172.2800,Solar
382,FSLR,2023-11-30,157.7800,Solar
383,FSLR,2023-10-31,142.4500,Solar
384,FSLR,2023-09-29,161.5900,Solar
385,FSLR,2023-08-31,189.1200,Solar
386,FSLR,2023-07-31,207.4000,Solar
387,FSLR,2023-06-30,190.0900,Solar
388,FSLR,2023-05-31,202.9600,Solar
389,FSLR,2023-04-28,182.5800,Solar
390,FSLR,2023-03-31,217.5000,Solar
391,FSLR,2023-02-28,169.1400,Solar
392,FSLR,2023-01-31,177.6000,Solar
393,FSLR,2022-12-30,149.7900,Solar
394,FSLR,2022-11-30,172.5300,Solar
395,FSLR,2022-10-31,145.5700,Solar
396,FSLR,2022-09-30,132.2700,Solar
397,FSLR,2022-08-31,127.5500,Solar
398,FSLR,2022-07-29,99.1700,Solar
399,FSLR,2022-06-30,68.1300,Solar
400,FSLR,2022-05-31,70.6100,Solar
401,FSLR,2022-04-29,73.0300,Solar
402,FSLR,2022-03-31,83.7400,Solar
403,FSLR,2022-02-28,75.2900,Solar
404,FSLR,2022-01-31,78.3800,Solar
405,FSLR,2021-12-31,87.1600,Solar
406,FSLR,2021-11-30,103.6000,Solar
407,FSLR,2021-10-29,119.5900,Solar
408,FSLR,2021-09-30,95.4600,Solar
409,FSLR,2021-08-31,94.0000,Solar
410,FSLR,2021-07-30,86.0400,Solar
411,FSLR,2021-06-30,90.5100,Solar
412,FSLR,2021-05-28,76.1100,Solar
413,FSLR,2021-04-30,76.5300,Solar
414,FSLR,2021-03-31,87.3000,Solar
415,FSLR,2021-02-26,81.0200,Solar
416,FSLR,2021-01-29,99.1500,Solar
417,FSLR,2020-12-31,98.9200,Solar
418,FSLR,2020-11-30,93.4300,Solar
419,FSLR,2020-10-30,87.0450,Solar
420,FSLR,2020-09-30,66.2000,Solar
421,FSLR,2020-08-31,76.5900,Solar
422,FSLR,2020-07-31,59.5500,Solar
423,FSLR,2020-06-30,49.5000,Solar
424,FSLR,2020-05-29,46.6200,Solar
425,FSLR,2020-04-30,44.0100,Solar
426,FSLR,2020-03-31,36.0600,Solar
427,FSLR,2020-02-28,45.7700,Solar
428,FSLR,2020-01-31,49.5800,Solar
429,FSLR,2019-12-31,55.9600,Solar
430,FSLR,2019-11-29,55.2400,Solar
431,FSLR,2019-10-31,51.7900,Solar
432,FSLR,2019-09-30,58.0100,Solar
433,FSLR,2019-08-30,62.0700,Solar
434,FSLR,2019-07-31,64.4900,Solar
435,FSLR,2019-06-28,65.6800,Solar
436,FSLR,2019-05-31,58.0400,Solar
437,FSLR,2019-04-30,61.5300,Solar
438,FSLR,2019-03-29,52.8400,Solar
439,FSLR,2019-02-28,52.5500,Solar
440,FSLR,2019-01-31,50.5900,Solar
441,FSLR,2018-12-31,42.4550,Solar
442,FSLR,2018-11-30,44.4500,Solar
443,FSLR,2018-10-31,41.8000,Solar
444,FSLR,2018-09-28,48.4200,Solar
445,FSLR,2018-08-31,52.0800,Solar
446,FSLR,2018-07-31,52.3500,Solar
447,FSLR,2018-06-29,52.6600,Solar
448,FSLR,2018-05-31,67.6100,Solar
449,FSLR,2018-04-30,70.9100,Solar
450,FSLR,2018-03-29,70.9800,Solar
451,FSLR,2018-02-28,62.8500,Solar
452,FSLR,2018-01-31,67.1700,Solar
453,FSLR,2017-12-29,67.5200,Solar
454,FSLR,2017-11-30,62.1000,Solar
455,FSLR,2017-10-31,54.8200,Solar
456,FSLR,2017-09-29,45.8800,Solar
457,FSLR,2017-08-31,46.9600,Solar
458,FSLR,2017-07-31,49.3100,Solar
459,FSLR,2017-06-30,39.8800,Solar
460,FSLR,2017-05-31,38.5100,Solar
461,FSLR,2017-04-28,29.5500,Solar
462,FSLR,2017-03-31,27.1000,Solar
463,FSLR,2017-02-28,36.1900,Solar
464,FSLR,2017-01-31,31.1900,Solar
465,FSLR,2016-12-30,32.0900,Solar
466,FSLR,2016-11-30,30.3200,Solar
467,FSLR,2016-10-31,40.4900,Solar
468,FSLR,2016-09-30,39.4900,Solar
469,FSLR,2016-08-31,37.8200,Solar
470,FSLR,2016-07-29,46.6800,Solar
471,FSLR,2016-06-30,48.4800,Solar
472,FSLR,2016-05-31,49.6500,Solar
473,FSLR,2016-04-29,55.8400,Solar
474,FSLR,2016-03-31,68.4700,Solar
475,FSLR,2016-02-29,71.8700,Solar
476,FSLR,2016-01-29,68.6600,Solar
477,FSLR,2015-12-31,65.9900,Solar
478,FSLR,2015-11-30,56.5100,Solar
479,FSLR,2015-10-30,57.0700,Solar
480,FSLR,2015-09-30,42.7500,Solar
481,FSLR,2015-08-31,47.8400,Solar
482,FSLR,2015-07-31,44.3000,Solar
483,FSLR,2015-06-30,46.9800,Solar
484,FSLR,2015-05-29,49.7100,Solar
485,FSLR,2015-04-30,59.6700,Solar
486,FSLR,2015-03-31,59.7900,Solar
487,FSLR,2015-02-27,59.7450,Solar
488,FSLR,2015-01-30,42.3200,Solar
489,FSLR,2014-12-31,44.5950,Solar
490,FSLR,2014-11-28,48.8000,Solar
491,FSLR,2014-10-31,58.9000,Solar
492,FSLR,2014-09-30,65.8100,Solar
493,FSLR,2014-08-29,69.6800,Solar
494,FSLR,2014-07-31,63.1100,Solar
495,FSLR,2014-06-30,71.0600,Solar
496,FSLR,2014-05-30,61.7800,Solar
497,FSLR,2014-04-30,67.4900,Solar
498,FSLR,2014-03-31,69.7900,Solar
499,FSLR,2014-02-28,57.0700,Solar
500,FSLR,2014-01-31,50.5800,Solar
501,HYDR,2024-09-20,23.7400,Hydrogen
502,HYDR,2024-08-30,24.0900,Hydrogen
503,HYDR,2024-07-31,26.7800,Hydrogen
504,HYDR,2024-06-28,26.1400,Hydrogen
505,HYDR,2024-05-31,6.6800,Hydrogen
506,HYDR,2024-04-30,5.2200,Hydrogen
507,HYDR,2024-03-28,5.6400,Hydrogen
508,HYDR,2024-02-29,5.4700,Hydrogen
509,HYDR,2024-01-31,6.0400,Hydrogen
510,HYDR,2023-12-29,6.9100,Hydrogen
511,HYDR,2023-11-30,6.5300,Hydrogen
512,HYDR,2023-10-31,6.0600,Hydrogen
513,HYDR,2023-09-29,7.3900,Hydrogen
514,HYDR,2023-08-31,8.6300,Hydrogen
515,HYDR,2023-07-31,10.4500,Hydrogen
516,HYDR,2023-06-30,9.2000,Hydrogen
517,HYDR,2023-05-31,8.7100,Hydrogen
518,HYDR,2023-04-28,9.7000,Hydrogen
519,HYDR,2023-03-31,10.9400,Hydrogen
520,HYDR,2023-02-28,12.1200,Hydrogen
521,HYDR,2023-01-31,13.4900,Hydrogen
522,HYDR,2022-12-30,10.8800,Hydrogen
523,HYDR,2022-11-30,12.1100,Hydrogen
524,HYDR,2022-10-31,10.9400,Hydrogen
525,HYDR,2022-09-30,11.1600,Hydrogen
526,HYDR,2022-08-31,14.7100,Hydrogen
527,HYDR,2022-07-29,14.5100,Hydrogen
528,HYDR,2022-06-30,12.0400,Hydrogen
529,HYDR,2022-05-31,14.4000,Hydrogen
530,HYDR,2022-04-29,15.4200,Hydrogen
531,HYDR,2022-03-31,19.0600,Hydrogen
532,HYDR,2022-02-28,18.0900,Hydrogen
533,HYDR,2022-01-31,15.8700,Hydrogen
534,HYDR,2021-12-31,20.6200,Hydrogen
535,HYDR,2021-11-30,24.3800,Hydrogen
536,HYDR,2021-10-29,26.9700,Hydrogen
537,HYDR,2021-09-30,21.9350,Hydrogen
538,HYDR,2021-08-31,23.7150,Hydrogen
539,PLUG,2024-09-20,1.9400,Hydrogen
540,PLUG,2024-08-30,1.8800,Hydrogen
541,PLUG,2024-07-31,2.4700,Hydrogen
542,PLUG,2024-06-28,2.3300,Hydrogen
543,PLUG,2024-05-31,3.3300,Hydrogen
544,PLUG,2024-04-30,2.3100,Hydrogen
545,PLUG,2024-03-28,3.4400,Hydrogen
546,PLUG,2024-02-29,3.5300,Hydrogen
547,PLUG,2024-01-31,4.4500,Hydrogen
548,PLUG,2023-12-29,4.5000,Hydrogen
549,PLUG,2023-11-30,4.0400,Hydrogen
550,PLUG,2023-10-31,5.8900,Hydrogen
551,PLUG,2023-09-29,7.6000,Hydrogen
552,PLUG,2023-08-31,8.4600,Hydrogen
553,PLUG,2023-07-31,13.1200,Hydrogen
554,PLUG,2023-06-30,10.3900,Hydrogen
555,PLUG,2023-05-31,8.3200,Hydrogen
556,PLUG,2023-04-28,9.0300,Hydrogen
557,PLUG,2023-03-31,11.7200,Hydrogen
558,PLUG,2023-02-28,14.8700,Hydrogen
559,PLUG,2023-01-31,17.0200,Hydrogen
560,PLUG,2022-12-30,12.3700,Hydrogen
561,PLUG,2022-11-30,15.9600,Hydrogen
562,PLUG,2022-10-31,15.9800,Hydrogen
563,PLUG,2022-09-30,21.0100,Hydrogen
564,PLUG,2022-08-31,28.0400,Hydrogen
565,PLUG,2022-07-29,21.3400,Hydrogen
566,PLUG,2022-06-30,16.5700,Hydrogen
567,PLUG,2022-05-31,18.4800,Hydrogen
568,PLUG,2022-04-29,21.0200,Hydrogen
569,PLUG,2022-03-31,28.6100,Hydrogen
570,PLUG,2022-02-28,25.2900,Hydrogen
571,PLUG,2022-01-31,21.8700,Hydrogen
572,PLUG,2021-12-31,28.2300,Hydrogen
573,PLUG,2021-11-30,39.8500,Hydrogen
574,PLUG,2021-10-29,38.2700,Hydrogen
575,PLUG,2021-09-30,25.5400,Hydrogen
576,PLUG,2021-08-31,26.0600,Hydrogen
577,PLUG,2021-07-30,27.2800,Hydrogen
578,PLUG,2021-06-30,34.1900,Hydrogen
579,PLUG,2021-05-28,30.7000,Hydrogen
580,PLUG,2021-04-30,28.5100,Hydrogen
581,PLUG,2021-03-31,35.8400,Hydrogen
582,PLUG,2021-02-26,48.3800,Hydrogen
583,PLUG,2021-01-29,63.1700,Hydrogen
584,PLUG,2020-12-31,33.9100,Hydrogen
585,PLUG,2020-11-30,26.3900,Hydrogen
586,PLUG,2020-10-30,14.0000,Hydrogen
587,PLUG,2020-09-30,13.4100,Hydrogen
588,PLUG,2020-08-31,12.9800,Hydrogen
589,PLUG,2020-07-31,7.7100,Hydrogen
590,PLUG,2020-06-30,8.2100,Hydrogen
591,PLUG,2020-05-29,4.2100,Hydrogen
592,PLUG,2020-04-30,4.1800,Hydrogen
593,PLUG,2020-03-31,3.5400,Hydrogen
594,PLUG,2020-02-28,4.3400,Hydrogen
595,PLUG,2020-01-31,3.8700,Hydrogen
596,PLUG,2019-12-31,3.1600,Hydrogen
597,PLUG,2019-11-29,3.9000,Hydrogen
598,PLUG,2019-10-31,2.6500,Hydrogen
599,PLUG,2019-09-30,2.6300,Hydrogen
600,PLUG,2019-08-30,2.1700,Hydrogen
601,PLUG,2019-07-31,2.2100,Hydrogen
602,PLUG,2019-06-28,2.2500,Hydrogen
603,PLUG,2019-05-31,2.5600,Hydrogen
604,PLUG,2019-04-30,2.4900,Hydrogen
605,PLUG,2019-03-29,2.4000,Hydrogen
606,PLUG,2019-02-28,1.7900,Hydrogen
607,PLUG,2019-01-31,1.3700,Hydrogen
608,PLUG,2018-12-31,1.2400,Hydrogen
609,PLUG,2018-11-30,1.7500,Hydrogen
610,PLUG,2018-10-31,1.8500,Hydrogen
611,PLUG,2018-09-28,1.9200,Hydrogen
612,PLUG,2018-08-31,1.9700,Hydrogen
613,PLUG,2018-07-31,2.0000,Hydrogen
614,PLUG,2018-06-29,2.0200,Hydrogen
615,PLUG,2018-05-31,1.8700,Hydrogen
616,PLUG,2018-04-30,1.8300,Hydrogen
617,PLUG,2018-03-29,1.8900,Hydrogen
618,PLUG,2018-02-28,1.8600,Hydrogen
619,PLUG,2018-01-31,1.9300,Hydrogen
620,PLUG,2017-12-29,2.3600,Hydrogen
621,PLUG,2017-11-30,2.3700,Hydrogen
622,PLUG,2017-10-31,2.8500,Hydrogen
623,PLUG,2017-09-29,2.6100,Hydrogen
624,PLUG,2017-08-31,2.1400,Hydrogen
625,PLUG,2017-07-31,2.2600,Hydrogen
626,PLUG,2017-06-30,2.0400,Hydrogen
627,PLUG,2017-05-31,1.8600,Hydrogen
628,PLUG,2017-04-28,2.2400,Hydrogen
629,PLUG,2017-03-31,1.3800,Hydrogen
630,PLUG,2017-02-28,1.0800,Hydrogen
631,PLUG,2017-01-31,1.0600,Hydrogen
632,PLUG,2016-12-30,1.2000,Hydrogen
633,PLUG,2016-11-30,1.3650,Hydrogen
634,PLUG,2016-10-31,1.5300,Hydrogen
635,PLUG,2016-09-30,1.7100,Hydrogen
636,PLUG,2016-08-31,1.5500,Hydrogen
637,PLUG,2016-07-29,1.7900,Hydrogen
638,PLUG,2016-06-30,1.8600,Hydrogen
639,PLUG,2016-05-31,1.9200,Hydrogen
640,PLUG,2016-04-29,2.0600,Hydrogen
641,PLUG,2016-03-31,2.0500,Hydrogen
642,PLUG,2016-02-29,2.0800,Hydrogen
643,PLUG,2016-01-29,1.8700,Hydrogen
644,PLUG,2015-12-31,2.1100,Hydrogen
645,PLUG,2015-11-30,2.2000,Hydrogen
646,PLUG,2015-10-30,2.4100,Hydrogen
647,PLUG,2015-09-30,1.8400,Hydrogen
648,PLUG,2015-08-31,1.7100,Hydrogen
649,PLUG,2015-07-31,2.5900,Hydrogen
650,PLUG,2015-06-30,2.4500,Hydrogen
651,PLUG,2015-05-29,2.7200,Hydrogen
652,PLUG,2015-04-30,2.5400,Hydrogen
653,PLUG,2015-03-31,2.5900,Hydrogen
654,PLUG,2015-02-27,3.0800,Hydrogen
655,PLUG,2015-01-30,2.6700,Hydrogen
656,PLUG,2014-12-31,3.0000,Hydrogen
657,PLUG,2014-11-28,3.8200,Hydrogen
658,PLUG,2014-10-31,4.7100,Hydrogen
659,PLUG,2014-09-30,4.5900,Hydrogen
660,PLUG,2014-08-29,5.5800,Hydrogen
661,PLUG,2014-07-31,5.4200,Hydrogen
662,PLUG,2014-06-30,4.6800,Hydrogen
663,PLUG,2014-05-30,4.3500,Hydrogen
664,PLUG,2014-04-30,4.6500,Hydrogen
665,PLUG,2014-03-31,7.1000,Hydrogen
666,PLUG,2014-02-28,4.6700,Hydrogen
667,PLUG,2014-01-31,3.0200,Hydrogen
668,BLDP,2024-09-20,1.6700,Hydrogen
669,BLDP,2024-08-30,1.8400,Hydrogen
670,BLDP,2024-07-31,2.2800,Hydrogen
671,BLDP,2024-06-28,2.2500,Hydrogen
672,BLDP,2024-05-31,3.0900,Hydrogen
673,BLDP,2024-04-30,2.6300,Hydrogen
674,BLDP,2024-03-28,2.7800,Hydrogen
675,BLDP,2024-02-29,3.1400,Hydrogen
676,BLDP,2024-01-31,3.2800,Hydrogen
677,BLDP,2023-12-29,3.7000,Hydrogen
678,BLDP,2023-11-30,3.5100,Hydrogen
679,BLDP,2023-10-31,3.3300,Hydrogen
680,BLDP,2023-09-29,3.6700,Hydrogen
681,BLDP,2023-08-31,4.2000,Hydrogen
682,BLDP,2023-07-31,4.7200,Hydrogen
683,BLDP,2023-06-30,4.3600,Hydrogen
684,BLDP,2023-05-31,4.1800,Hydrogen
685,BLDP,2023-04-28,4.4200,Hydrogen
686,BLDP,2023-03-31,5.5700,Hydrogen
687,BLDP,2023-02-28,5.6900,Hydrogen
688,BLDP,2023-01-31,6.5300,Hydrogen
689,BLDP,2022-12-30,4.7900,Hydrogen
690,BLDP,2022-11-30,6.1000,Hydrogen
691,BLDP,2022-10-31,5.6700,Hydrogen
692,BLDP,2022-09-30,6.1200,Hydrogen
693,BLDP,2022-08-31,7.8000,Hydrogen
694,BLDP,2022-07-29,8.0300,Hydrogen
695,BLDP,2022-06-30,6.3000,Hydrogen
696,BLDP,2022-05-31,7.2700,Hydrogen
697,BLDP,2022-04-29,8.3000,Hydrogen
698,BLDP,2022-03-31,11.6400,Hydrogen
699,BLDP,2022-02-28,11.4200,Hydrogen
700,BLDP,2022-01-31,10.4000,Hydrogen
701,BLDP,2021-12-31,12.5600,Hydrogen
702,BLDP,2021-11-30,15.1600,Hydrogen
703,BLDP,2021-10-29,18.1200,Hydrogen
704,BLDP,2021-09-30,14.0500,Hydrogen
705,BLDP,2021-08-31,16.8000,Hydrogen
706,BLDP,2021-07-30,16.1700,Hydrogen
707,BLDP,2021-06-30,18.1200,Hydrogen
708,BLDP,2021-05-28,17.3200,Hydrogen
709,BLDP,2021-04-30,21.8700,Hydrogen
710,BLDP,2021-03-31,24.3400,Hydrogen
711,BLDP,2021-02-26,27.8200,Hydrogen
712,BLDP,2021-01-29,34.1700,Hydrogen
713,BLDP,2020-12-31,23.4000,Hydrogen
714,BLDP,2020-11-30,20.5300,Hydrogen
715,BLDP,2020-10-30,14.7700,Hydrogen
716,BLDP,2020-09-30,15.1000,Hydrogen
717,BLDP,2020-08-31,16.6000,Hydrogen
718,BLDP,2020-07-31,14.2200,Hydrogen
719,BLDP,2020-06-30,15.4000,Hydrogen
720,BLDP,2020-05-29,10.7900,Hydrogen
721,BLDP,2020-04-30,10.1600,Hydrogen
722,BLDP,2020-03-31,7.6100,Hydrogen
723,BLDP,2020-02-28,8.9000,Hydrogen
724,BLDP,2020-01-31,9.8700,Hydrogen
725,BLDP,2019-12-31,7.1800,Hydrogen
726,BLDP,2019-11-29,6.6300,Hydrogen
727,BLDP,2019-10-31,5.5200,Hydrogen
728,BLDP,2019-09-30,4.8900,Hydrogen
729,BLDP,2019-08-30,4.5000,Hydrogen
730,BLDP,2019-07-31,4.0500,Hydrogen
731,BLDP,2019-06-28,4.0800,Hydrogen
732,BLDP,2019-05-31,3.8400,Hydrogen
733,BLDP,2019-04-30,3.3200,Hydrogen
734,BLDP,2019-03-29,3.0100,Hydrogen
735,BLDP,2019-02-28,3.5800,Hydrogen
736,BLDP,2019-01-31,3.4900,Hydrogen
737,BLDP,2018-12-31,2.3900,Hydrogen
738,BLDP,2018-11-30,2.9800,Hydrogen
739,BLDP,2018-10-31,3.7200,Hydrogen
740,BLDP,2018-09-28,4.3000,Hydrogen
741,BLDP,2018-08-31,3.5400,Hydrogen
742,BLDP,2018-07-31,3.0500,Hydrogen
743,BLDP,2018-06-29,2.8500,Hydrogen
744,BLDP,2018-05-31,2.9700,Hydrogen
745,BLDP,2018-04-30,3.2100,Hydrogen
746,BLDP,2018-03-29,3.5500,Hydrogen
747,BLDP,2018-02-28,3.7400,Hydrogen
748,BLDP,2018-01-31,3.7050,Hydrogen
749,BLDP,2017-12-29,4.4100,Hydrogen
750,BLDP,2017-11-30,4.7700,Hydrogen
751,BLDP,2017-10-31,5.0000,Hydrogen
752,BLDP,2017-09-29,4.6800,Hydrogen
753,BLDP,2017-08-31,3.1200,Hydrogen
754,BLDP,2017-07-31,2.9300,Hydrogen
755,BLDP,2017-06-30,2.9000,Hydrogen
756,BLDP,2017-05-31,2.7700,Hydrogen
757,BLDP,2017-04-28,3.2700,Hydrogen
758,BLDP,2017-03-31,2.2200,Hydrogen
759,BLDP,2017-02-28,1.9100,Hydrogen
760,BLDP,2017-01-31,1.8600,Hydrogen
761,BLDP,2016-12-30,1.6500,Hydrogen
762,BLDP,2016-11-30,1.9000,Hydrogen
763,BLDP,2016-10-31,1.9700,Hydrogen
764,BLDP,2016-09-30,2.2100,Hydrogen
765,BLDP,2016-08-31,2.0800,Hydrogen
766,BLDP,2016-07-29,1.9300,Hydrogen
767,BLDP,2016-06-30,1.2500,Hydrogen
768,BLDP,2016-05-31,1.3800,Hydrogen
769,BLDP,2016-04-29,1.6000,Hydrogen
770,BLDP,2016-03-31,1.4000,Hydrogen
771,BLDP,2016-02-29,1.4200,Hydrogen
772,BLDP,2016-01-29,1.3300,Hydrogen
773,BLDP,2015-12-31,1.5600,Hydrogen
774,BLDP,2015-11-30,1.2700,Hydrogen
775,BLDP,2015-10-30,1.5100,Hydrogen
776,BLDP,2015-09-30,1.2000,Hydrogen
777,BLDP,2015-08-31,1.3400,Hydrogen
778,BLDP,2015-07-31,1.3500,Hydrogen
779,BLDP,2015-06-30,2.0900,Hydrogen
780,BLDP,2015-05-29,2.0900,Hydrogen
781,BLDP,2015-04-30,2.2300,Hydrogen
782,BLDP,2015-03-31,2.1000,Hydrogen
783,BLDP,2015-02-27,2.2900,Hydrogen
784,BLDP,2015-01-30,1.5500,Hydrogen
785,BLDP,2014-12-31,1.9800,Hydrogen
786,BLDP,2014-11-28,2.2900,Hydrogen
787,BLDP,2014-10-31,2.8000,Hydrogen
788,BLDP,2014-09-30,3.2300,Hydrogen
789,BLDP,2014-08-29,3.7900,Hydrogen
790,BLDP,2014-07-31,3.9800,Hydrogen
791,BLDP,2014-06-30,4.1200,Hydrogen
792,BLDP,2014-05-30,3.8100,Hydrogen
793,BLDP,2014-04-30,3.6600,Hydrogen
794,BLDP,2014-03-31,4.4000,Hydrogen
795,BLDP,2014-02-28,3.7000,Hydrogen
796,BLDP,2014-01-31,2.1200,Hydrogen
797,BE,2024-09-20,10.9100,Hydrogen
798,BE,2024-08-30,11.9100,Hydrogen
799,BE,2024-07-31,13.5400,Hydrogen
800,BE,2024-06-28,12.2400,Hydrogen
801,BE,2024-05-31,16.3200,Hydrogen
802,BE,2024-04-30,11.1300,Hydrogen
803,BE,2024-03-28,11.2400,Hydrogen
804,BE,2024-02-29,8.7700,Hydrogen
805,BE,2024-01-31,11.3200,Hydrogen
806,BE,2023-12-29,14.8000,Hydrogen
807,BE,2023-11-30,14.4400,Hydrogen
808,BE,2023-10-31,10.4000,Hydrogen
809,BE,2023-09-29,13.2600,Hydrogen
810,BE,2023-08-31,14.9900,Hydrogen
811,BE,2023-07-31,17.8600,Hydrogen
812,BE,2023-06-30,16.3500,Hydrogen
813,BE,2023-05-31,13.7200,Hydrogen
814,BE,2023-04-28,16.6500,Hydrogen
815,BE,2023-03-31,19.9300,Hydrogen
816,BE,2023-02-28,21.6900,Hydrogen
817,BE,2023-01-31,24.9300,Hydrogen
818,BE,2022-12-30,19.1200,Hydrogen
819,BE,2022-11-30,21.2900,Hydrogen
820,BE,2022-10-31,18.7100,Hydrogen
821,BE,2022-09-30,19.9900,Hydrogen
822,BE,2022-08-31,25.4100,Hydrogen
823,BE,2022-07-29,20.2300,Hydrogen
824,BE,2022-06-30,16.5000,Hydrogen
825,BE,2022-05-31,17.5200,Hydrogen
826,BE,2022-04-29,18.5600,Hydrogen
827,BE,2022-03-31,24.1500,Hydrogen
828,BE,2022-02-28,22.2000,Hydrogen
829,BE,2022-01-31,15.0800,Hydrogen
830,BE,2021-12-31,21.9300,Hydrogen
831,BE,2021-11-30,27.4800,Hydrogen
832,BE,2021-10-29,31.2600,Hydrogen
833,BE,2021-09-30,18.7200,Hydrogen
834,BE,2021-08-31,21.4200,Hydrogen
835,BE,2021-07-30,21.8000,Hydrogen
836,BE,2021-06-30,26.8700,Hydrogen
837,BE,2021-05-28,24.1700,Hydrogen
838,BE,2021-04-30,25.9700,Hydrogen
839,BE,2021-03-31,27.0500,Hydrogen
840,BE,2021-02-26,28.5300,Hydrogen
841,BE,2021-01-29,34.9100,Hydrogen
842,BE,2020-12-31,28.6600,Hydrogen
843,BE,2020-11-30,24.5200,Hydrogen
844,BE,2020-10-30,12.6400,Hydrogen
845,BE,2020-09-30,17.9700,Hydrogen
846,BE,2020-08-31,15.6600,Hydrogen
847,BE,2020-07-31,12.1600,Hydrogen
848,BE,2020-06-30,10.8800,Hydrogen
849,BE,2020-05-29,8.0300,Hydrogen
850,BE,2020-04-30,7.6700,Hydrogen
851,BE,2020-03-31,5.2300,Hydrogen
852,BE,2020-02-28,9.0700,Hydrogen
853,BE,2020-01-31,7.8800,Hydrogen
854,BE,2019-12-31,7.4700,Hydrogen
855,BE,2019-11-29,6.5200,Hydrogen
856,BE,2019-10-31,3.0600,Hydrogen
857,BE,2019-09-30,3.2500,Hydrogen
858,BE,2019-08-30,4.4800,Hydrogen
859,BE,2019-07-31,10.4500,Hydrogen
860,BE,2019-06-28,12.2700,Hydrogen
861,BE,2019-05-31,10.8000,Hydrogen
862,BE,2019-04-30,13.6200,Hydrogen
863,BE,2019-03-29,12.9200,Hydrogen
864,BE,2019-02-28,14.4700,Hydrogen
865,BE,2019-01-31,9.4500,Hydrogen
866,BE,2018-12-31,9.9800,Hydrogen
867,BE,2018-11-30,16.4500,Hydrogen
868,BE,2018-10-31,23.7500,Hydrogen
869,BE,2018-09-28,34.0800,Hydrogen
870,BE,2018-08-31,29.9500,Hydrogen
871,FAN,2024-09-20,17.7700,Wind
872,FAN,2024-08-30,16.9850,Wind
873,FAN,2024-07-31,17.0900,Wind
874,FAN,2024-06-28,16.2100,Wind
875,FAN,2024-05-31,17.4400,Wind
876,FAN,2024-04-30,15.3000,Wind
877,FAN,2024-03-28,15.4200,Wind
878,FAN,2024-02-29,15.1800,Wind
879,FAN,2024-01-31,15.3200,Wind
880,FAN,2023-12-29,16.4800,Wind
881,FAN,2023-11-30,15.0856,Wind
882,FAN,2023-10-31,13.5900,Wind
883,FAN,2023-09-29,14.4900,Wind
884,FAN,2023-08-31,15.8200,Wind
885,FAN,2023-07-31,17.0800,Wind
886,FAN,2023-06-30,17.4700,Wind
887,FAN,2023-05-31,17.1942,Wind
888,FAN,2023-04-28,17.8900,Wind
889,FAN,2023-03-31,17.8600,Wind
890,FAN,2023-02-28,17.2300,Wind
891,FAN,2023-01-31,18.0700,Wind
892,FAN,2022-12-30,17.3200,Wind
893,FAN,2022-11-30,17.4100,Wind
894,FAN,2022-10-31,15.6100,Wind
895,FAN,2022-09-30,15.1239,Wind
896,FAN,2022-08-31,17.8600,Wind
897,FAN,2022-07-29,18.4700,Wind
898,FAN,2022-06-30,17.2200,Wind
899,FAN,2022-05-31,18.5900,Wind
900,FAN,2022-04-29,18.0700,Wind
901,FAN,2022-03-31,19.7500,Wind
902,FAN,2022-02-28,19.8000,Wind
903,FAN,2022-01-31,18.7800,Wind
904,FAN,2021-12-31,20.2400,Wind
905,FAN,2021-11-30,20.0900,Wind
906,FAN,2021-10-29,21.8700,Wind
907,FAN,2021-09-30,20.9000,Wind
908,FAN,2021-08-31,22.0400,Wind
909,FAN,2021-07-30,21.3600,Wind
910,FAN,2021-06-30,21.5100,Wind
911,FAN,2021-05-28,21.8500,Wind
912,FAN,2021-04-30,21.9300,Wind
913,FAN,2021-03-31,22.5600,Wind
914,FAN,2021-02-26,21.8900,Wind
915,FAN,2021-01-29,23.4800,Wind
916,FAN,2020-12-31,23.3000,Wind
917,FAN,2020-11-30,20.8000,Wind
918,FAN,2020-10-30,18.0800,Wind
919,FAN,2020-09-30,17.5300,Wind
920,FAN,2020-08-31,17.4800,Wind
921,FAN,2020-07-31,16.6000,Wind
922,FAN,2020-06-30,14.3900,Wind
923,FAN,2020-05-29,13.8500,Wind
924,FAN,2020-04-30,12.5900,Wind
925,FAN,2020-03-31,12.1200,Wind
926,FAN,2020-02-28,14.3400,Wind
927,FAN,2020-01-31,14.8400,Wind
928,FAN,2019-12-31,14.6500,Wind
929,FAN,2019-11-29,13.9900,Wind
930,FAN,2019-10-31,13.5400,Wind
931,FAN,2019-09-30,13.1600,Wind
932,FAN,2019-08-30,12.8700,Wind
933,FAN,2019-07-31,12.9800,Wind
934,FAN,2019-06-28,13.3500,Wind
935,FAN,2019-05-31,12.6600,Wind
936,FAN,2019-04-30,13.3600,Wind
937,FAN,2019-03-29,13.0400,Wind
938,FAN,2019-02-28,12.9900,Wind
939,FAN,2019-01-31,12.8300,Wind
940,FAN,2018-12-31,11.4600,Wind
941,FAN,2018-11-30,12.1400,Wind
942,FAN,2018-10-31,11.2200,Wind
943,FAN,2018-09-28,12.4300,Wind
944,FAN,2018-08-31,12.7500,Wind
945,FAN,2018-07-31,13.1600,Wind
946,FAN,2018-06-29,12.6400,Wind
947,FAN,2018-05-31,13.5400,Wind
948,FAN,2018-04-30,13.9800,Wind
949,FAN,2018-03-29,13.3700,Wind
950,FAN,2018-02-28,13.1300,Wind
951,FAN,2018-01-31,13.7800,Wind
952,FAN,2017-12-29,13.2500,Wind
953,FAN,2017-11-30,12.7200,Wind
954,FAN,2017-10-31,13.2600,Wind
955,FAN,2017-09-29,13.1700,Wind
956,FAN,2017-08-31,13.2300,Wind
957,FAN,2017-07-31,13.1900,Wind
958,FAN,2017-06-30,12.9100,Wind
959,FAN,2017-05-31,13.4900,Wind
960,FAN,2017-04-28,13.0700,Wind
961,FAN,2017-03-31,12.6000,Wind
962,FAN,2017-02-28,12.2087,Wind
963,FAN,2017-01-31,12.1900,Wind
964,FAN,2016-12-30,11.7000,Wind
965,FAN,2016-11-30,12.1700,Wind
966,FAN,2016-10-31,13.0711,Wind
967,FAN,2016-09-30,13.3100,Wind
968,FAN,2016-08-31,13.2400,Wind
969,FAN,2016-07-29,13.0400,Wind
970,FAN,2016-06-30,12.5697,Wind
971,FAN,2016-05-31,12.2100,Wind
972,FAN,2016-04-29,11.9500,Wind
973,FAN,2016-03-31,11.6400,Wind
974,FAN,2016-02-29,10.4400,Wind
975,FAN,2016-01-29,10.8300,Wind
976,FAN,2015-12-31,11.3600,Wind
977,FAN,2015-11-30,11.2300,Wind
978,FAN,2015-10-30,11.2900,Wind
979,FAN,2015-09-30,10.2948,Wind
980,FAN,2015-08-31,10.8100,Wind
981,FAN,2015-07-31,11.4799,Wind
982,FAN,2015-06-30,11.3547,Wind
983,FAN,2015-05-29,12.0600,Wind
984,FAN,2015-04-30,11.5700,Wind
985,FAN,2015-03-31,10.8500,Wind
986,FAN,2015-02-27,10.9502,Wind
987,FAN,2015-01-30,10.3500,Wind
988,FAN,2014-12-31,10.1700,Wind
989,FAN,2014-11-28,11.1400,Wind
990,FAN,2014-10-31,10.9800,Wind
991,FAN,2014-09-30,11.4800,Wind
992,FAN,2014-08-29,12.4000,Wind
993,FAN,2014-07-31,12.5800,Wind
994,FAN,2014-06-30,13.3400,Wind
995,FAN,2014-05-30,13.1200,Wind
996,FAN,2014-04-30,12.2200,Wind
997,FAN,2014-03-31,12.0500,Wind
998,FAN,2014-02-28,12.1700,Wind
999,FAN,2014-01-31,11.3800,Wind
1000,TAC,2024-09-20,9.8000,Wind
1001,TAC,2024-08-30,8.8000,Wind
1002,TAC,2024-07-31,7.5400,Wind
1003,TAC,2024-06-28,7.0800,Wind
1004,TAC,2024-05-31,7.2000,Wind
1005,TAC,2024-04-30,6.6400,Wind
1006,TAC,2024-03-28,6.4300,Wind
1007,TAC,2024-02-29,6.8700,Wind
1008,TAC,2024-01-31,7.2400,Wind
1009,TAC,2023-12-29,8.3100,Wind
1010,TAC,2023-11-30,8.1500,Wind
1011,TAC,2023-10-31,7.3200,Wind
1012,TAC,2023-09-29,8.7000,Wind
1013,TAC,2023-08-31,9.5900,Wind
1014,TAC,2023-07-31,10.2100,Wind
1015,TAC,2023-06-30,9.3600,Wind
1016,TAC,2023-05-31,9.6300,Wind
1017,TAC,2023-04-28,8.9200,Wind
1018,TAC,2023-03-31,8.7500,Wind
1019,TAC,2023-02-28,8.0900,Wind
1020,TAC,2023-01-31,9.7300,Wind
1021,TAC,2022-12-30,8.9700,Wind
1022,TAC,2022-11-30,9.3500,Wind
1023,TAC,2022-10-31,8.8200,Wind
1024,TAC,2022-09-30,8.8300,Wind
1025,TAC,2022-08-31,9.3800,Wind
1026,TAC,2022-07-29,11.4200,Wind
1027,TAC,2022-06-30,11.4000,Wind
1028,TAC,2022-05-31,11.3900,Wind
1029,TAC,2022-04-29,10.7300,Wind
1030,TAC,2022-03-31,10.3600,Wind
1031,TAC,2022-02-28,10.1700,Wind
1032,TAC,2022-01-31,10.8600,Wind
1033,TAC,2021-12-31,11.1200,Wind
1034,TAC,2021-11-30,10.1700,Wind
1035,TAC,2021-10-29,11.2200,Wind
1036,TAC,2021-09-30,10.5600,Wind
1037,TAC,2021-08-31,9.8000,Wind
1038,TAC,2021-07-30,10.4200,Wind
1039,TAC,2021-06-30,9.9800,Wind
1040,TAC,2021-05-28,9.0200,Wind
1041,TAC,2021-04-30,9.8300,Wind
1042,TAC,2021-03-31,9.4600,Wind
1043,TAC,2021-02-26,8.6900,Wind
1044,TAC,2021-01-29,8.7700,Wind
1045,TAC,2020-12-31,7.5900,Wind
1046,TAC,2020-11-30,6.9300,Wind
1047,TAC,2020-10-30,5.9300,Wind
1048,TAC,2020-09-30,6.1500,Wind
1049,TAC,2020-08-31,6.4400,Wind
1050,TAC,2020-07-31,6.5200,Wind
1051,TAC,2020-06-30,5.9300,Wind
1052,TAC,2020-05-29,5.8400,Wind
1053,TAC,2020-04-30,5.8600,Wind
1054,TAC,2020-03-31,5.2400,Wind
1055,TAC,2020-02-28,7.4800,Wind
1056,TAC,2020-01-31,7.4700,Wind
1057,TAC,2019-12-31,7.1600,Wind
1058,TAC,2019-11-29,6.7400,Wind
1059,TAC,2019-10-31,5.8900,Wind
1060,TAC,2019-09-30,6.5000,Wind
1061,TAC,2019-08-30,6.4400,Wind
1062,TAC,2019-07-31,6.1200,Wind
1063,TAC,2019-06-28,6.5100,Wind
1064,TAC,2019-05-31,6.6100,Wind
1065,TAC,2019-04-30,6.7300,Wind
1066,TAC,2019-03-29,7.3400,Wind
1067,TAC,2019-02-28,6.0900,Wind
1068,TAC,2019-01-31,5.4800,Wind
1069,TAC,2018-12-31,4.1200,Wind
1070,TAC,2018-11-30,5.3700,Wind
1071,TAC,2018-10-31,5.2600,Wind
1072,TAC,2018-09-28,5.6300,Wind
1073,TAC,2018-08-31,5.8500,Wind
1074,TAC,2018-07-31,5.6500,Wind
1075,TAC,2018-06-29,5.0000,Wind
1076,TAC,2018-05-31,5.1000,Wind
1077,TAC,2018-04-30,5.2800,Wind
1078,TAC,2018-03-29,5.4500,Wind
1079,TAC,2018-02-28,5.5500,Wind
1080,TAC,2018-01-31,5.5000,Wind
1081,TAC,2017-12-29,5.9500,Wind
1082,TAC,2017-11-30,6.0000,Wind
1083,TAC,2017-10-31,5.9000,Wind
1084,TAC,2017-09-29,5.8500,Wind
1085,TAC,2017-08-31,6.1500,Wind
1086,TAC,2017-07-31,6.5000,Wind
1087,TAC,2017-06-30,6.4000,Wind
1088,TAC,2017-05-31,5.6000,Wind
1089,TAC,2017-04-28,5.1000,Wind
1090,TAC,2017-03-31,5.8500,Wind
1091,TAC,2017-02-28,5.3500,Wind
1092,TAC,2017-01-31,5.9000,Wind
1093,TAC,2016-12-30,5.5000,Wind
1094,TAC,2016-11-30,5.4500,Wind
1095,TAC,2016-10-31,4.4500,Wind
1096,TAC,2016-09-30,4.4500,Wind
1097,TAC,2016-08-31,4.3400,Wind
1098,TAC,2016-07-29,4.7800,Wind
1099,TAC,2016-06-30,5.2200,Wind
1100,TAC,2016-05-31,4.8000,Wind
1101,TAC,2016-04-29,5.2200,Wind
1102,TAC,2016-03-31,4.6500,Wind
1103,TAC,2016-02-29,4.3600,Wind
1104,TAC,2016-01-29,3.4900,Wind
1105,TAC,2015-12-31,3.5400,Wind
1106,TAC,2015-11-30,4.0200,Wind
1107,TAC,2015-10-30,4.6400,Wind
1108,TAC,2015-09-30,4.6500,Wind
1109,TAC,2015-08-31,5.0200,Wind
1110,TAC,2015-07-31,6.3300,Wind
1111,TAC,2015-06-30,7.7500,Wind
1112,TAC,2015-05-29,8.6900,Wind
1113,TAC,2015-04-30,9.9200,Wind
1114,TAC,2015-03-31,9.3000,Wind
1115,TAC,2015-02-27,9.4200,Wind
1116,TAC,2015-01-30,8.7300,Wind
1117,TAC,2014-12-31,9.0600,Wind
1118,TAC,2014-11-28,9.8500,Wind
1119,TAC,2014-10-31,9.7100,Wind
1120,TAC,2014-09-30,10.5000,Wind
1121,TAC,2014-08-29,11.5300,Wind
1122,TAC,2014-07-31,11.4700,Wind
1123,TAC,2014-06-30,12.2700,Wind
1124,TAC,2014-05-30,11.9900,Wind
1125,TAC,2014-04-30,12.2200,Wind
1126,TAC,2014-03-31,11.6400,Wind
1127,TAC,2014-02-28,11.5200,Wind
1128,TAC,2014-01-31,13.1300,Wind
1129,TPIC,2024-09-20,4.4200,Wind
1130,TPIC,2024-08-30,4.3300,Wind
1131,TPIC,2024-07-31,4.2600,Wind
1132,TPIC,2024-06-28,3.9900,Wind
1133,TPIC,2024-05-31,5.4800,Wind
1134,TPIC,2024-04-30,3.1800,Wind
1135,TPIC,2024-03-28,2.9100,Wind
1136,TPIC,2024-02-29,2.7900,Wind
1137,TPIC,2024-01-31,2.7000,Wind
1138,TPIC,2023-12-29,4.1400,Wind
1139,TPIC,2023-11-30,2.1100,Wind
1140,TPIC,2023-10-31,2.3100,Wind
1141,TPIC,2023-09-29,2.6500,Wind
1142,TPIC,2023-08-31,5.0500,Wind
1143,TPIC,2023-07-31,5.9400,Wind
1144,TPIC,2023-06-30,10.3700,Wind
1145,TPIC,2023-05-31,10.6600,Wind
1146,TPIC,2023-04-28,12.3600,Wind
1147,TPIC,2023-03-31,13.0500,Wind
1148,TPIC,2023-02-28,11.5600,Wind
1149,TPIC,2023-01-31,13.0500,Wind
1150,TPIC,2022-12-30,10.1400,Wind
1151,TPIC,2022-11-30,12.0800,Wind
1152,TPIC,2022-10-31,9.9600,Wind
1153,TPIC,2022-09-30,11.2800,Wind
1154,TPIC,2022-08-31,18.5900,Wind
1155,TPIC,2022-07-29,16.4700,Wind
1156,TPIC,2022-06-30,12.5000,Wind
1157,TPIC,2022-05-31,13.7900,Wind
1158,TPIC,2022-04-29,11.4400,Wind
1159,TPIC,2022-03-31,14.0600,Wind
1160,TPIC,2022-02-28,13.5200,Wind
1161,TPIC,2022-01-31,12.0700,Wind
1162,TPIC,2021-12-31,14.9600,Wind
1163,TPIC,2021-11-30,17.8300,Wind
1164,TPIC,2021-10-29,33.6300,Wind
1165,TPIC,2021-09-30,33.7500,Wind
1166,TPIC,2021-08-31,36.3100,Wind
1167,TPIC,2021-07-30,39.1400,Wind
1168,TPIC,2021-06-30,48.4200,Wind
1169,TPIC,2021-05-28,48.3000,Wind
1170,TPIC,2021-04-30,53.1500,Wind
1171,TPIC,2021-03-31,56.4300,Wind
1172,TPIC,2021-02-26,47.6600,Wind
1173,TPIC,2021-01-29,59.9100,Wind
1174,TPIC,2020-12-31,52.7800,Wind
1175,TPIC,2020-11-30,40.2300,Wind
1176,TPIC,2020-10-30,33.1200,Wind
1177,TPIC,2020-09-30,28.9600,Wind
1178,TPIC,2020-08-31,30.7100,Wind
1179,TPIC,2020-07-31,25.5800,Wind
1180,TPIC,2020-06-30,23.3700,Wind
1181,TPIC,2020-05-29,20.7500,Wind
1182,TPIC,2020-04-30,17.5300,Wind
1183,TPIC,2020-03-31,14.7800,Wind
1184,TPIC,2020-02-28,23.7400,Wind
1185,TPIC,2020-01-31,20.7500,Wind
1186,TPIC,2019-12-31,18.5100,Wind
1187,TPIC,2019-11-29,18.0500,Wind
1188,TPIC,2019-10-31,20.5300,Wind
1189,TPIC,2019-09-30,18.7500,Wind
1190,TPIC,2019-08-30,17.6400,Wind
1191,TPIC,2019-07-31,25.5700,Wind
1192,TPIC,2019-06-28,24.7200,Wind
1193,TPIC,2019-05-31,20.8500,Wind
1194,TPIC,2019-04-30,30.9500,Wind
1195,TPIC,2019-03-29,28.6200,Wind
1196,TPIC,2019-02-28,30.2100,Wind
1197,TPIC,2019-01-31,30.2700,Wind
1198,TPIC,2018-12-31,24.5800,Wind
1199,TPIC,2018-11-30,27.1900,Wind
1200,TPIC,2018-10-31,25.2600,Wind
1201,TPIC,2018-09-28,28.5500,Wind
1202,TPIC,2018-08-31,28.0300,Wind
1203,TPIC,2018-07-31,30.8200,Wind
1204,TPIC,2018-06-29,29.2400,Wind
1205,TPIC,2018-05-31,26.3000,Wind
1206,TPIC,2018-04-30,22.6500,Wind
1207,TPIC,2018-03-29,22.4500,Wind
1208,TPIC,2018-02-28,19.8200,Wind
1209,TPIC,2018-01-31,20.0800,Wind
1210,TPIC,2017-12-29,20.4600,Wind
1211,TPIC,2017-11-30,18.9400,Wind
1212,TPIC,2017-10-31,25.0500,Wind
1213,TPIC,2017-09-29,22.3400,Wind
1214,TPIC,2017-08-31,20.3400,Wind
1215,TPIC,2017-07-31,18.8400,Wind
1216,TPIC,2017-06-30,18.4800,Wind
1217,TPIC,2017-05-31,17.0200,Wind
1218,TPIC,2017-04-28,19.6500,Wind
1219,TPIC,2017-03-31,19.0100,Wind
1220,TPIC,2017-02-28,17.4500,Wind
1221,TPIC,2017-01-31,19.4100,Wind
1222,TPIC,2016-12-30,16.0400,Wind
1223,TPIC,2016-11-30,15.1700,Wind
1224,TPIC,2016-10-31,15.9200,Wind
1225,TPIC,2016-09-30,21.2600,Wind
1226,TPIC,2016-08-31,19.8900,Wind
1227,AMSC,2024-09-20,22.0300,Wind
1228,AMSC,2024-08-30,20.2200,Wind
1229,AMSC,2024-07-31,24.1600,Wind
1230,AMSC,2024-06-28,23.3900,Wind
1231,AMSC,2024-05-31,19.1800,Wind
1232,AMSC,2024-04-30,12.3500,Wind
1233,AMSC,2024-03-28,13.5100,Wind
1234,AMSC,2024-02-29,13.4500,Wind
1235,AMSC,2024-01-31,11.0000,Wind
1236,AMSC,2023-12-29,11.1400,Wind
1237,AMSC,2023-11-30,9.4600,Wind
1238,AMSC,2023-10-31,6.2650,Wind
1239,AMSC,2023-09-29,7.5500,Wind
1240,AMSC,2023-08-31,9.2500,Wind
1241,AMSC,2023-07-31,10.0800,Wind
1242,AMSC,2023-06-30,6.2600,Wind
1243,AMSC,2023-05-31,4.6900,Wind
1244,AMSC,2023-04-28,4.0500,Wind
1245,AMSC,2023-03-31,4.9100,Wind
1246,AMSC,2023-02-28,5.3600,Wind
1247,AMSC,2023-01-31,5.4300,Wind
1248,AMSC,2022-12-30,3.6800,Wind
1249,AMSC,2022-11-30,3.7600,Wind
1250,AMSC,2022-10-31,4.5200,Wind
1251,AMSC,2022-09-30,4.3800,Wind
1252,AMSC,2022-08-31,5.3400,Wind
1253,AMSC,2022-07-29,6.1400,Wind
1254,AMSC,2022-06-30,5.1800,Wind
1255,AMSC,2022-05-31,5.3400,Wind
1256,AMSC,2022-04-29,5.3300,Wind
1257,AMSC,2022-03-31,7.6100,Wind
1258,AMSC,2022-02-28,8.4900,Wind
1259,AMSC,2022-01-31,8.2000,Wind
1260,AMSC,2021-12-31,10.8800,Wind
1261,AMSC,2021-11-30,12.8000,Wind
1262,AMSC,2021-10-29,18.3800,Wind
1263,AMSC,2021-09-30,14.5800,Wind
1264,AMSC,2021-08-31,14.9000,Wind
1265,AMSC,2021-07-30,14.0500,Wind
1266,AMSC,2021-06-30,17.3900,Wind
1267,AMSC,2021-05-28,14.9700,Wind
1268,AMSC,2021-04-30,16.4700,Wind
1269,AMSC,2021-03-31,18.9600,Wind
1270,AMSC,2021-02-26,23.7900,Wind
1271,AMSC,2021-01-29,24.7200,Wind
1272,AMSC,2020-12-31,23.4200,Wind
1273,AMSC,2020-11-30,19.8800,Wind
1274,AMSC,2020-10-30,13.9100,Wind
1275,AMSC,2020-09-30,14.4800,Wind
1276,AMSC,2020-08-31,12.5600,Wind
1277,AMSC,2020-07-31,9.3000,Wind
1278,AMSC,2020-06-30,8.1300,Wind
1279,AMSC,2020-05-29,7.2500,Wind
1280,AMSC,2020-04-30,5.7500,Wind
1281,AMSC,2020-03-31,5.4800,Wind
1282,AMSC,2020-02-28,6.8500,Wind
1283,AMSC,2020-01-31,6.2800,Wind
1284,AMSC,2019-12-31,7.8500,Wind
1285,AMSC,2019-11-29,8.3500,Wind
1286,AMSC,2019-10-31,7.8300,Wind
1287,AMSC,2019-09-30,7.8400,Wind
1288,AMSC,2019-08-30,7.6700,Wind
1289,AMSC,2019-07-31,8.8900,Wind
1290,AMSC,2019-06-28,9.2800,Wind
1291,AMSC,2019-05-31,9.7300,Wind
1292,AMSC,2019-04-30,11.0400,Wind
1293,AMSC,2019-03-29,12.8600,Wind
1294,AMSC,2019-02-28,14.8300,Wind
1295,AMSC,2019-01-31,13.0700,Wind
1296,AMSC,2018-12-31,11.1500,Wind
1297,AMSC,2018-11-30,10.0000,Wind
1298,AMSC,2018-10-31,5.9900,Wind
1299,AMSC,2018-09-28,6.9500,Wind
1300,AMSC,2018-08-31,6.1000,Wind
1301,AMSC,2018-07-31,5.1800,Wind
1302,AMSC,2018-06-29,7.0000,Wind
1303,AMSC,2018-05-31,6.9600,Wind
1304,AMSC,2018-04-30,5.9000,Wind
1305,AMSC,2018-03-29,5.8200,Wind
1306,AMSC,2018-02-28,4.7300,Wind
1307,AMSC,2018-01-31,5.2100,Wind
1308,AMSC,2017-12-29,3.6300,Wind
1309,AMSC,2017-11-30,3.3300,Wind
1310,AMSC,2017-10-31,4.2000,Wind
1311,AMSC,2017-09-29,4.5400,Wind
1312,AMSC,2017-08-31,3.8800,Wind
1313,AMSC,2017-07-31,3.1900,Wind
1314,AMSC,2017-06-30,4.6200,Wind
1315,AMSC,2017-05-31,4.1200,Wind
1316,AMSC,2017-04-28,5.2100,Wind
1317,AMSC,2017-03-31,6.8600,Wind
1318,AMSC,2017-02-28,6.1100,Wind
1319,AMSC,2017-01-31,6.9900,Wind
1320,AMSC,2016-12-30,7.3700,Wind
1321,AMSC,2016-11-30,7.7400,Wind
1322,AMSC,2016-10-31,6.4100,Wind
1323,AMSC,2016-09-30,7.0100,Wind
1324,AMSC,2016-08-31,7.0800,Wind
1325,AMSC,2016-07-29,9.1800,Wind
1326,AMSC,2016-06-30,8.4400,Wind
1327,AMSC,2016-05-31,9.7700,Wind
1328,AMSC,2016-04-29,9.9600,Wind
1329,AMSC,2016-03-31,7.6000,Wind
1330,AMSC,2016-02-29,6.8500,Wind
1331,AMSC,2016-01-29,6.2700,Wind
1332,AMSC,2015-12-31,6.3700,Wind
1333,AMSC,2015-11-30,4.7100,Wind
1334,AMSC,2015-10-30,5.4300,Wind
1335,AMSC,2015-09-30,4.3300,Wind
1336,AMSC,2015-08-31,5.4500,Wind
1337,AMSC,2015-07-31,5.0000,Wind
1338,AMSC,2015-06-30,5.2300,Wind
1339,AMSC,2015-05-29,6.1900,Wind
1340,AMSC,2015-04-30,6.4700,Wind
1341,AMSC,2015-03-31,6.4400,Wind
1342,AMSC,2015-02-27,0.8316,Wind
1343,AMSC,2015-01-30,0.7000,Wind
1344,AMSC,2014-12-31,0.7408,Wind
1345,AMSC,2014-11-28,0.9850,Wind
1346,AMSC,2014-10-31,1.3100,Wind
1347,AMSC,2014-09-30,1.4100,Wind
1348,AMSC,2014-08-29,1.7750,Wind
1349,AMSC,2014-07-31,1.9900,Wind
1350,AMSC,2014-06-30,1.6300,Wind
1351,AMSC,2014-05-30,1.4000,Wind
1352,AMSC,2014-04-30,1.2800,Wind
1353,AMSC,2014-03-31,1.6100,Wind
1354,AMSC,2014-02-28,1.8500,Wind
1355,AMSC,2014-01-31,1.5000,Wind
